ID,Title
228102044,"(2021, Lu et al.) Hospital/Inpatient COVID-19 Complications Among Elderly Nursing Home Residents, Dialysis Population, and Community-Dwelling Elderly Without ESRD"
228141724,"(2021, Lu et al.) Severe COVID-19 Outcomes Rates Among Elderly Nursing Home Residents, Dialysis Population, and Community-Dwelling Elderly Without ESRD"
302185633,"(2021, Lu et al.) COVID-19 Hospitalization and COVID-19-related Death Risk for Elderly by Nursing Home Facilities' Average Number of Residents Per Day"
306091229,"(2021, Lu et al.) COVID-19 Hospitalization and COVID-19-related Death Risk by Race or Ethnicity, Age, and Medicaid Dual-eligibility Status Among Elderly NH Residents"
