ID,Title
228102044,"(2021, Lu et al.) Hospital/Inpatient COVID-19 Complications Among Elderly Nursing Home Residents, Dialysis Population, and Community-Dwelling Elderly Without ESRD"
228141724,"(2021, Lu et al.) Severe COVID-19 Outcomes Rates Among Elderly Nursing Home Residents, Dialysis Population, and Community-Dwelling Elderly Without ESRD"
302185633,"(2021, Lu et al.) COVID-19 Hospitalization and COVID-19-related Death Risk for Elderly by Nursing Home Facilities' Average Number of Residents Per Day"
306091229,"(2021, Lu et al.) COVID-19 Hospitalization and COVID-19-related Death Risk by Race or Ethnicity, Age, and Medicaid Dual-eligibility Status Among Elderly NH Residents"
328120146,"(2021, Menis et al.) Annual Babesiosis Rates Among Elderly (65+ YOA) Medicare Beneficiaries by Sex During 2006–2017"
328123856,"(2021, Menis et al.) Annual Babesiosis Rates Among Elderly (65+ YOA) Medicare Beneficiaries by Age During 2006–2017"
328143423,"(2021, Menis et al.) Annual Babesiosis Rates Among Elderly (65+ YOA) Medicare Beneficiaries by Race During 2006–2017"
412112639,"(2021, Menis et al.) County-level babesiosis rates (per 100 000 medicare beneficiary-years) in the United States, 2006–2017"
